<?xml version="1.0" encoding="UTF-8" ?>
<!DOCTYPE mapper
        PUBLIC "-//mybatis.org//DTD Mapper 3.0//EN"
        "http://mybatis.org/dtd/mybatis-3-mapper.dtd">
<mapper namespace="com.fitness.dao.CustomersMapper">
    <!--因为数据库中字段和实体类属性 完全一致 所以可以用 resultType 不然就要用resultMap做一下映射-->

    <select id="count" resultType="java.lang.Integer">
        select count(*) from Customers where name like #{name} and email like #{email} and phone like #{phone}
    </select>

    <select id="selectLike" resultType="com.fitness.entity.Customers">
        select * from Customers where name like #{name} and email like #{email} and phone like #{phone}
        limit ${(start-1)*pageSize},#{pageSize}
    </select>


    <select id="selectById" resultType="com.fitness.entity.Customers">
        select * from Customers
        <where>
            customer_id=#{id}
        </where>
    </select>

    <insert id="save" parameterType="com.fitness.entity.Customers" useGeneratedKeys="true" keyProperty="customer_id">
            insert into Customers(name,email,phone,gender,date_of_birth,join_date,memberShip_type)
            values (#{name},#{email},#{phone},#{gender},#{date_of_birth},#{join_date},#{memberShip_type})
    </insert>

    <delete id="delete" parameterType="int">
      delete from Customers where customer_id=#{id}
    </delete>

    <update id="update" parameterType="com.fitness.entity.Customers">
        update Customers
        <set>
            <if test="name!=null">
                name = #{name},
            </if>
            <if test="email!=null">
                email = #{email},
            </if>
            <if test="phone!=null">
                phone = #{phone},
            </if>
            <if test="gender!=null">
                gender = #{gender},
            </if>
            <if test="date_of_birth!=null">
                date_of_birth = #{date_of_birth},
            </if>
            <if test="join_date!=null">
                join_date = #{join_date},
            </if>
            <if test="memberShip_type!=null">
                memberShip_type = #{memberShip_type},
            </if>
        </set>
        where customer_id=#{customer_id}
    </update>
</mapper>