<?xml version="1.0" encoding="UTF-8" ?>
<!DOCTYPE mapper
        PUBLIC "-//mybatis.org//DTD Mapper 3.0//EN"
        "http://mybatis.org/dtd/mybatis-3-mapper.dtd">
<mapper namespace="com.fitness.dao.EmployeesMapper">
    <!--因为数据库中字段和实体类属性 完全一致 所以可以用 resultType 不然就要用resultMap做一下映射-->

    <select id="count" resultType="java.lang.Integer">
        select count(*) from Employees where name like #{name} and email like #{email} and phone like #{phone}
    </select>

    <select id="selectLike" resultType="com.fitness.entity.Employees">
        select * from Employees where name like #{name} and email like #{email} and phone like #{phone}
        limit ${(start-1)*pageSize},#{pageSize}
    </select>


    <select id="selectById" resultType="com.fitness.entity.Employees">
        select * from Employees
        <where>
            employee_id=#{id}
        </where>
    </select>

    <insert id="save" parameterType="com.fitness.entity.Employees" useGeneratedKeys="true" keyProperty="employee_id">
            insert into Employees(name,email,phone,gender,date_of_birth,hire_date,position,salary)
            values (#{name},#{email},#{phone},#{gender},#{date_of_birth},#{hire_date},#{position},#{salary})
    </insert>

    <delete id="delete" parameterType="int">
      delete from Employees where employee_id=#{id}
    </delete>

    <update id="update" parameterType="com.fitness.entity.Employees">
        update Employees
        <set>
            <if test="name!=null">
                name = #{name},
            </if>
            <if test="email!=null">
                email = #{email},
            </if>
            <if test="phone!=null">
                phone = #{phone},
            </if>
            <if test="gender!=null">
                gender = #{gender},
            </if>
            <if test="date_of_birth!=null">
                date_of_birth = #{date_of_birth},
            </if>
            <if test="hire_date!=null">
                hire_date = #{hire_date},
            </if>
            <if test="position!=null">
                position = #{position},
            </if>
            <if test="salary!=null">
                salary = #{salary},
            </if>
        </set>
        where employee_id=#{employee_id}
    </update>
</mapper>