<?xml version="1.0" encoding="UTF-8" ?>
<!DOCTYPE mapper
        PUBLIC "-//mybatis.org//DTD Mapper 3.0//EN"
        "http://mybatis.org/dtd/mybatis-3-mapper.dtd">
<mapper namespace="com.fitness.dao.PositionsMapper">
    <!--因为数据库中字段和实体类属性 完全一致 所以可以用 resultType 不然就要用resultMap做一下映射-->

    <select id="count" resultType="java.lang.Integer">
        select count(*) from Positions where name like #{name}
    </select>

    <select id="selectLike" resultType="com.fitness.entity.Positions">
        select * from Positions where name like #{name}
        limit ${(start-1)*pageSize},#{pageSize}
    </select>


    <select id="selectById" resultType="com.fitness.entity.Positions">
        select * from Positions
        <where>
            position_id=#{id}
        </where>
    </select>

    <insert id="save" parameterType="com.fitness.entity.Positions" useGeneratedKeys="true" keyProperty="position_id">
            insert into Positions(name)
            values (#{name})
    </insert>

    <delete id="delete" parameterType="int">
      delete from Positions where position_id=#{id}
    </delete>

    <update id="update" parameterType="com.fitness.entity.Positions">
        update Positions
        <set>
            <if test="name!=null">
                name = #{name},
            </if>
        </set>
        where position_id=#{position_id}
    </update>
</mapper>